image_contrib,text_contrib
49.187659455848376,50.81234054415107
4.890661045666788,95.10933895433284
43.19427185146442,56.805728148535394
18.7654165957622,81.23458340423679
3.065039475389933,96.93496052460941
0.6882457887743212,99.31175421122528
23.031700963782146,76.96829903621763
3.4490705667425825,96.55092943325714
1.968223382645019,98.03177661735461
5.697360210118123,94.30263978988131
45.85161075650117,54.14838924349844
76.20297708091309,23.79702291908666
7.442164204831219,92.55783579516861
13.800283316261972,86.19971668373726
28.970404774396723,71.02959522560316
7.798998154692501,92.20100184530682
26.31686741078198,73.6831325892167
2.9093819282516344,97.09061807174764
9.4648177069414,90.53518229305814
6.312082718677522,93.68791728132202
0.5467098950700943,99.45329010492948
47.54046858375028,52.45953141624866
8.290508215565568,91.70949178443357
6.753723296212217,93.24627670378732
4.67839835180476,95.32160164819419
21.61323627918138,78.38676372081788
2.8058576569965887,97.19414234300301
56.463936258686196,43.53606374131343
2.9036133461391036,97.09638665386069
11.470769713449041,88.52923028655071
1.350058177842191,98.64994182215709
17.718480023801423,82.2815199761981
4.070744411179559,95.92925558882001
27.72635889521145,72.27364110478831
2.3101169791377614,97.68988302086183
4.544961972418332,95.45503802758103
25.33744452646736,74.66255547353235
23.71544457055863,76.28455542944076
2.493596217725305,97.50640378227442
2.7870327241026702,97.21296727589655
76.45918603592678,23.540813964073088
15.061846652758465,84.93815334724133
25.291291792109817,74.70870820788971
8.907720508321963,91.09227949167776
10.120337355849585,89.87966264414999
13.433178805543388,86.56682119445537
1.3763321007048004,98.62366789929449
95.68671690453759,4.313283095462384
9.345266825962051,90.6547331740373
4.390424746436803,95.60957525356253
6.871884787606112,93.12811521239351
9.7732828460606,90.22671715393827
12.59173241089233,87.408267589106
80.65064909989499,19.349350900104955
13.16530230478504,86.83469769521443
5.534999988585818,94.46500001141342
19.997007638669544,80.00299236132997
6.142119248141423,93.85788075185808
22.428389387490856,77.57161061250874
25.53065355785467,74.4693464421448
27.794052905204513,72.20594709479491
1.8426348559159356,98.15736514408357
5.596892576132067,94.40310742386696
98.90614813329562,1.0938518667043908
3.784971571902059,96.21502842809744
17.203681381384904,82.79631861861463
20.677447007467915,79.32255299253168
25.00811864182897,74.99188135817066
3.4804176260136384,96.5195823739856
57.9158568972297,42.084143102769985
20.655225830835462,79.34477416916354
3.7711085539704667,96.22889144602917
11.07061310491405,88.92938689508507
61.629248349730446,38.37075165026922
8.096588713538196,91.90341128646136
0.8868046066829998,99.11319539331667
3.875684815056135,96.12431518494337
0.6504407654647023,99.34955923453496
24.532118655859215,75.46788134414011
11.722355689924253,88.27764431007537
61.861026526349406,38.1389734736499
7.017432441324551,92.98256755867494
85.49111020542962,14.508889794570312
12.06893012511679,87.93106987488277
20.898131706132915,79.1018682938666
4.703616695065492,95.29638330493418
2.918759078606938,97.0812409213926
1.81857055999649,98.18142944000309
2.7785871063248413,97.22141289367482
6.461129273195067,93.53887072680433
11.817966651326573,88.1820333486727
5.241874951682347,94.75812504831713
9.794314748342432,90.20568525165714
18.171843205232744,81.82815679476707
16.966327365754562,83.03367263424495
22.646535128177216,77.35346487182191
26.329580365424864,73.67041963457449
23.660100193768173,76.33989980623144
7.862959733891668,92.13704026610773
94.86330787666817,5.136692123331807
1.2044946576378464,98.79550534236151
19.663251257732465,80.33674874226725
20.764195026505128,79.23580497349462
3.040851423340179,96.95914857665919
4.335117315335632,95.66488268466375
15.084509435428206,84.91549056457116
21.96753989594697,78.03246010405248
53.97114379116786,46.02885620883184
4.789020816491428,95.21097918350799
3.8628638558880555,96.13713614411132
8.677770502434726,91.322229497565
17.922828246115962,82.07717175388326
16.216823597679035,83.78317640232046
1.7134994142484867,98.28650058575109
13.4335511565901,86.56644884340952
1.3150397064900554,98.68496029350936
8.998349600788577,91.00165039920901
8.903044885759575,91.09695511423982
7.643949575957862,92.35605042404174
1.9817861723327814,98.01821382766698
36.36709579122378,63.63290420877554
15.691150074684213,84.30884992531517
57.31730263366964,42.68269736633024
3.633140405848454,96.3668595941508
44.97515032512882,55.02484967487082
3.9499350810335643,96.0500649189657
8.546511000081724,91.45348899991784
1.9109138314112661,98.08908616858851
55.066169358834195,44.933830641165535
28.11875059057184,71.88124940942767
16.29347084742209,83.70652915257753
9.272673058060759,90.72732694193778
2.8429811078236873,97.15701889217596
40.516899408483866,59.48310059151577
2.3019291722532857,97.69807082774629
5.401811126322945,94.59818887367658
2.7653401059293965,97.23465989406999
5.0400813455084315,94.95991865449098
76.24520647648242,23.75479352351736
6.084436686755393,93.9155633132441
1.726794150787501,98.27320584921232
12.993513626810216,87.00648637318943
8.69886638580767,91.30113361419141
21.87857274551079,78.1214272544887
10.606483330855639,89.39351666914396
2.886720973224809,97.11327902677495
3.4542377063210687,96.54576229367868
17.30823276144505,82.69176723855446
10.086301005248716,89.91369899475087
4.041333232881858,95.95866676711702
24.690223173687194,75.30977682631223
22.150726678300277,77.8492733216989
71.0698382291115,28.93016177088839
1.3601798672768655,98.63982013272273
2.7046870383389385,97.29531296166067
4.622848488751692,95.37715151124773
5.734752362270424,94.2652476377284
1.6035007220821196,98.39649927791766
1.4979593267873217,98.50204067321191
0.6711774024005605,99.32882259759927
1.9558592760682132,98.04414072393118
9.012082517715486,90.98791748228408
2.2837833090079656,97.7162166909914
9.973106768487394,90.02689323151205
34.883026889817806,65.11697311018139
3.769240542283714,96.23075945771593
23.425902446060494,76.57409755393832
17.113748063143326,82.88625193685586
22.65959771828275,77.34040228171682
30.10816214825418,69.8918378517454
3.9716030233079214,96.02839697669116
15.892141578940963,84.1078584210585
7.6677665267744946,92.33223347322382
33.738202789645,66.26179721035462
43.54979099911174,56.45020900088797
35.42018745413677,64.57981254586227
65.72379011390794,34.276209886091934
54.02344657910088,45.976553420898846
8.243342913885238,91.75665708611427
1.99794483257772,98.0020551674219
19.763870526450052,80.23612947354941
11.72412044932513,88.2758795506746
3.1946572950407317,96.80534270495895
11.583853127069231,88.41614687293037
68.77157298155674,31.22842701844295
9.156300279210331,90.84369972078905
30.51522859128094,69.4847714087187
4.434671324953387,95.56532867504612
9.377584966335414,90.62241503366337
25.15788170088145,74.84211829911783
2.986864545837051,97.01313545416221
29.508998208435283,70.49100179156433
76.94204825701874,23.05795174298116
2.22485259015139,97.77514740984839
8.113763198588808,91.88623680141093
6.586880853829401,93.41311914617012
19.157994708554934,80.84200529144437
89.34699712989992,10.653002870100009
82.69720004202954,17.302799957970308
18.03596324401053,81.96403675598867
53.27145953162836,46.72854046837124
4.094294428870955,95.90570557112873
1.7406874698302366,98.25931253016927
7.973687894526292,92.02631210547327
7.396295142824151,92.60370485717544
4.821738264339195,95.17826173565979
16.38582170374181,83.6141782962578
18.626754328538063,81.37324567146156
2.918742154987447,97.08125784501208
6.002932866781303,93.99706713321835
88.88439561337746,11.115604386622485
6.958356428098191,93.04164357190146
98.02613353912835,1.9738664608716043
24.264961250555743,75.73503874944316
4.3836671644659955,95.61633283553344
1.4506335086692115,98.54936649133062
19.977947010467744,80.02205298953112
50.64386100574046,49.356138994259176
20.901491370058924,79.09850862993999
1.283803176104239,98.71619682389561
53.15210496683158,46.84789503316812
4.59395490642397,95.4060450935755
6.017795932684061,93.98220406731512
9.434594025494688,90.5654059745048
2.219481034221294,97.78051896577801
44.245243041255414,55.754756958744224
7.7953867055602295,92.20461329443955
85.09278504202791,14.90721495797202
32.63798632989434,67.36201367010513
33.0376248334833,66.96237516651632
12.754562034287192,87.24543796571176
3.257501520204594,96.74249847979503
6.9186400710993885,93.08135992890043
50.02131605921202,49.978683940787235
52.048472137669656,47.95152786232988
5.75353480027221,94.246465199727
32.82778117888585,67.17221882111399
18.4019475866845,81.59805241331499
96.87872928824981,3.1212707117501655
7.5529308039512415,92.44706919604818
36.79179087593833,63.20820912406142
21.842589216582912,78.15741078341667
15.204345389196765,84.79565461080261
31.533832034806903,68.46616796519274
32.10908533933831,67.89091466066075
6.733866630828948,93.26613336917046
56.90214924293902,43.09785075706078
1.8286794491817624,98.17132055081798
51.19846742888922,48.801532571110286
13.676996892312902,86.32300310768687
1.6844760430727939,98.3155239569267
21.786420328817368,78.21357967118236
4.508205540828357,95.49179445917144
1.511819879137627,98.48818012086205
50.673140658081685,49.326859341917945
1.9909337806683178,98.0090662193315
22.084275715414716,77.91572428458507
15.11756662120696,84.88243337879233
40.47019923524026,59.52980076475942
2.9676070770244865,97.03239292297525
13.316670717563778,86.6833292824356
17.871072717411636,82.12892728258751
9.923035056132656,90.07696494386683
17.606891065476344,82.39310893452337
1.825648738741742,98.174351261258
27.986919307780923,72.01308069221838
1.4507360843216643,98.54926391567784
10.66888389393079,89.33111610606865
5.06375080317348,94.93624919682618
33.474677115190126,66.52532288480886
1.2098980103976376,98.79010198960191
6.777414936948747,93.22258506305087
9.232246502476555,90.76775349752305
18.695641168119245,81.30435883187982
5.874965197265616,94.12503480273419
27.673630100459075,72.32636989954037
8.589823990126169,91.4101760098728
42.82301702324282,57.17698297675655
2.7364064525626066,97.26359354743691
4.804224631157323,95.19577536884145
2.7754419321732757,97.22455806782624
47.91242520067405,52.0875747993257
27.94709943148449,72.0529005685151
24.690738196393177,75.3092618036065
19.675825853396393,80.32417414660328
12.877027437497466,87.12297256250223
3.317661484324714,96.68233851567493
39.05725635118731,60.942743648812524
19.25239672593359,80.74760327406588
27.799743564324203,72.20025643567534
5.4209761911974335,94.5790238088022
8.768369227347609,91.2316307726522
3.079804539162287,96.92019546083726
4.011937421571508,95.98806257842823
9.522608409416147,90.47739159058315
2.2431132955073494,97.75688670449233
4.758285293398614,95.24171470660069
8.808868935673617,91.19113106432602
8.924568682858164,91.07543131714144
8.691885204909713,91.30811479508971
11.610734704713982,88.3892652952856
1.3870623710867716,98.61293762891285
12.89189778726662,87.10810221273321
19.02385638498562,80.97614361501392
19.93601863931871,80.06398136068098
49.234634807831824,50.765365192166975
37.373935542028164,62.6260644579712
44.08644712605508,55.91355287394405
5.998052865252774,94.00194713474647
1.3910590850966817,98.60894091490276
22.419372706786948,77.58062729321222
96.53139523140591,3.4686047685940573
1.0612590797317376,98.93874092026775
41.77072555323121,58.22927444676833
4.823439060899982,95.17656093909946
17.606337538744096,82.39366246125535
4.402737731464685,95.59726226853482
16.308488161624172,83.6915118383754
2.384697011250527,97.61530298874884
14.571310927643925,85.42868907235575
8.720421451001634,91.27957854899795
33.42660000350876,66.57339999649068
14.677105971276564,85.32289402872307
1.296379378153855,98.70362062184557
57.23968098625015,42.76031901374909
8.59892496669362,91.40107503330587
2.4338759637516114,97.566124036248
3.8221629507417387,96.17783704925786
20.928352532595593,79.07164746740403
5.70341338449246,94.29658661550711
4.997134144718898,95.00286585528073
10.728712962351874,89.27128703764751
22.58542168783069,77.41457831216863
31.801307160499476,68.19869283950037
30.487182894796117,69.51281710520335
9.352424146741098,90.64757585325819
9.374415892509118,90.62558410749043
32.40317834437481,67.59682165562452
51.75649731181306,48.243502688186304
2.8274994793330697,97.17250052066582
0.7856983263076852,99.21430167369189
25.567131964773587,74.43286803522584
54.92821150853114,45.07178849146861
4.213467238377821,95.78653276162139
18.216759825626248,81.78324017437332
3.5052483096142013,96.49475169038476
15.5238051234062,84.47619487659327
1.4988930253603328,98.50110697463936
86.09550819141252,13.904491808587425
9.930164206889684,90.06983579310922
14.245695937944324,85.75430406205524
29.61565077910631,70.3843492208935
2.775153631615923,97.2248463683833
9.203238121468246,90.796761878531
19.083277489725987,80.91672251027367
33.024709189772146,66.97529081022738
32.07479037979743,67.92520962020218
13.480968192997267,86.51903180700222
2.6769987950962544,97.3230012049033
2.6501047342394126,97.34989526576003
8.502512569155428,91.49748743084436
11.018679711779955,88.98132028821921
44.994237541768776,55.00576245823071
1.288069782145082,98.71193021785449
6.834525546633727,93.16547445336539
17.817113595748264,82.18288640425074
16.365488352771425,83.63451164722781
62.60779209235024,37.39220790764945
8.423021783786306,91.57697821621325
8.413860959534713,91.58613904046453
7.180318887461462,92.81968111253795
4.596019158335948,95.40398084166335
13.121335086850014,86.87866491314946
3.66764590811451,96.33235409188428
19.40307482368277,80.59692517631667
36.44470024052811,63.5552997594711
13.158050212800754,86.84194978719846
11.188808683510198,88.81119131648953
19.735499850657227,80.26450014934228
59.87320498176055,40.126795018239235
1.297736763588559,98.70226323641067
3.5451977859786683,96.45480221402116
6.443909790253782,93.55609020974572
6.782960970051957,93.21703902994697
2.1267062367395058,97.87329376326004
10.040846367983509,89.95915363201618
1.9182040471781725,98.08179595282148
3.1762603952744133,96.82373960472509
5.619416471264759,94.38058352873495
87.39780600230787,12.602193997692101
18.438809783922036,81.56119021607735
47.660212302360975,52.33978769763839
20.691432973848624,79.30856702615098
24.25297134499124,75.74702865500839
10.712413190360229,89.28758680963938
12.60379659725043,87.39620340274917
7.828874234813258,92.1711257651858
1.5366843199653257,98.46331568003434
0.11008794033794712,99.88991205966202
11.73497091199483,88.26502908800487
12.56111301958976,87.43888698040968
25.768278722081227,74.23172127791754
23.359454314600995,76.64054568539834
12.337297990525848,87.66270200947349
13.386465948497078,86.61353405150233
35.83484047888298,64.16515952111651
7.478152608729169,92.52184739127046
37.435833960290374,62.56416603970864
9.320139006394546,90.67986099360449
45.066402875495584,54.933597124503834
65.50334628522751,34.496653714772165
9.099002819254862,90.90099718074475
6.647471357810161,93.35252864218963
34.65192429585219,65.34807570414749
33.595158486748275,66.4048415132509
63.94054445379944,36.05945554620027
11.957404330768602,88.04259566923096
3.867528568384283,96.13247143161561
35.91046533960143,64.08953466039806
11.243343037793883,88.7566569622053
0.520894457781734,99.47910554221818
0.4033442995973495,99.59665570040218
3.1387625133164407,96.86123748668312
7.6211195269378775,92.37888047306164
14.836942085945104,85.16305791405463
34.15938019800207,65.84061980199758
59.90271822217248,40.09728177782731
10.811947536735966,89.18805246326352
4.603088175547463,95.39691182445233
21.63714893708215,78.36285106291663
4.088109430128969,95.91189056987089
7.156394249735793,92.84360575026378
35.50185461968126,64.49814538031818
43.34451077540682,56.655489224592806
6.683495931373608,93.31650406862549
19.347552199709163,80.6524478002905
7.296514493301484,92.70348550669763
72.82990360799579,27.170096392004066
8.917655918935257,91.0823440810644
18.781981731867376,81.21801826813221
2.164482249665591,97.83551775033379
19.821652042605134,80.17834795739424
42.92924667008194,57.070753329917736
26.84321402364394,73.15678597635565
2.2880460543111747,97.71195394568845
7.76492093702022,92.23507906297937
3.1104630820206602,96.88953691797869
4.810833786471495,95.18916621352777
80.42477414840931,19.57522585159052
1.7354957078434003,98.26450429215595
12.271118292624518,87.7288817073747
10.843573648364194,89.15642635163515
44.05203227381785,55.94796772618178
13.987110831950625,86.01288916804887
4.807576228442356,95.19242377155672
7.844223981556386,92.15577601844296
13.496685328098842,86.50331467190003
9.721011658986457,90.27898834101326
45.174999242467955,54.82500075753175
5.173970025694189,94.82602997430534
2.026824706549352,97.97317529345023
3.6784297549424325,96.32157024505682
11.196375873000436,88.80362412699904
27.07976630066382,72.9202336993354
2.3720404904302947,97.62795950956935
27.32776201214948,72.67223798784964
10.785720367721392,89.2142796322782
4.787577778930698,95.2124222210688
3.3481501222110466,96.6518498777886
4.055977526187375,95.9440224738122
20.41211153129645,79.5878884687032
22.509696508162218,77.49030349183717
34.764313261759646,65.23568673823978
29.710998318094784,70.28900168190502
2.919266487905098,97.0807335120943
6.511292471120242,93.4887075288794
47.271250499121635,52.728749500878145
22.01172299139969,77.98827700859997
2.499668303511959,97.5003316964874
1.549157698536502,98.45084230146296
19.820760804726902,80.1792391952725
4.01935520678737,95.98064479321197
78.6999540573312,21.30004594266854
11.202191060812147,88.79780893918762
40.13475888644291,59.86524111355672
17.86018907988787,82.13981092011127
51.28751736965005,48.71248263034961
5.459701331169797,94.54029866882948
16.360559357418275,83.63944064258052
21.46965592077363,78.53034407922583
11.349368833549642,88.65063116644976
0.5403143884397279,99.45968561156008
3.1195859506349795,96.88041404936484
9.50571904565266,90.49428095434699
12.704387244143927,87.29561275585512
0.21284080347323078,99.78715919652656
9.3341399893012,90.66586001069828
2.558656019206316,97.44134398079338
4.951962273514784,95.0480377264843
8.12203113053159,91.87796886946762
17.523301433972144,82.47669856602732
27.211763511007142,72.78823648899248
29.985065918434074,70.01493408156426
3.2287427337656016,96.77125726623366
4.146974418299859,95.85302558169954
13.633908518751564,86.36609148124803
15.054126488028702,84.94587351197022
59.67847380974302,40.32152619025659
8.437620586114193,91.56237941388532
4.737278669542659,95.26272133045687
5.105004306459548,94.89499569353929
18.489031276438265,81.51096872356149
6.867404669097262,93.132595330902
4.113208944025085,95.88679105597411
19.449806043482027,80.55019395651723
32.049050010943084,67.95094998905664
8.480607212109575,91.51939278788964
1.8045808800660652,98.19541911993342
15.08829918191659,84.91170081808286
10.990908581727348,89.00909141827246
13.73798825125979,86.26201174873933
32.80891263844655,67.19108736155307
11.882039883569735,88.11796011643008
8.927877805591168,91.07212219440801
15.892622362327247,84.10737763767212
6.653799366534341,93.34620063346463
4.503260566845708,95.49673943315402
1.642705732621701,98.35729426737807
20.417692074022977,79.58230792597641
19.01819636780805,80.9818036321916
9.151695046405495,90.8483049535942
14.249818725132934,85.7501812748666
2.4541479185261394,97.5458520814731
9.193982337838891,90.80601766216037
11.146162071200411,88.8538379287994
89.33498329028905,10.6650167097109
4.887032001712468,95.11296799828726
4.093787905318724,95.90621209468078
6.274604697467511,93.72539530253195
28.999743259253236,71.00025674074637
6.896935676432914,93.10306432356676
20.352268244345634,79.64773175565408
39.10941796911127,60.89058203088808
13.39538998810469,86.60461001189447
7.582252006046857,92.41774799395192
21.47583387063639,78.52416612936294
35.970340201767385,64.02965979823193
6.789999526870541,93.21000047312837
1.301093020476615,98.69890697952312
32.88003227120029,67.1199677287993
5.674588406476552,94.32541159352292
26.3561476670431,73.64385233295667
1.598971172330644,98.40102882766875
77.79459180615382,22.20540819384606
71.58201003383914,28.417989966160622
10.231492682385245,89.76850731761427
17.02489390852466,82.97510609147464
28.82947694440342,71.17052305559608
31.121079689453307,68.8789203105463
32.900896336285186,67.09910366371402
43.26270067867856,56.73729932132062
10.178653244662451,89.82134675533705
0.7253522307199377,99.27464776927984
8.643836705824413,91.3561632941754
17.988247766361685,82.01175223363715
52.65596124803209,47.34403875196767
11.412785538826945,88.5872144611723
2.673099837862962,97.32690016213675
16.85487657560337,83.14512342439568
2.4615203922674196,97.53847960773234
1.7631525037601263,98.23684749623948
83.1671349286107,16.832865071388976
9.833895908207262,90.16610409179225
73.24210895444972,26.757891045549776
11.375630432133386,88.62436956786635
1.3601798672768655,98.63982013272273
15.685413615190505,84.31458638480848
4.094408358497775,95.90559164150199
4.4304811091223755,95.56951889087725
1.834777871348657,98.16522212865102
1.3468749294608668,98.65312507053875
22.473762415392308,77.52623758460747
24.423267626634377,75.57673237336532
2.373159836547588,97.62684016345167
8.482146958150013,91.51785304184955
1.3222438717315985,98.677756128268
4.88654535584296,95.11345464415601
0.9904634558896881,99.00953654410988
99.04670569989571,0.953294300104291
28.07289775958402,71.92710224041498
8.28885297864746,91.71114702135237
1.19506845780704,98.80493154219266
1.0856175602460982,98.91438243975315
16.752567176268613,83.24743282373089
7.443403999359926,92.55659600063885
19.466454951837864,80.5335450481617
66.68001277747048,33.31998722252913
8.586630017339939,91.41336998265912
18.101167916595802,81.89883208340375
6.71845316688365,93.2815468331158
9.324313382286535,90.67568661771278
17.150495818095276,82.84950418190415
7.564404250914106,92.43559574908559
4.484880148255472,95.51511985174422
37.91526053561947,62.08473946437999
17.31371502605611,82.68628497394356
8.022128330948876,91.9778716690507
16.355054786705516,83.64494521329398
30.866722997424233,69.13327700257544
8.433018893134792,91.56698110686426
15.904923303863411,84.09507669613605
29.583744150439518,70.41625584956023
4.4560118601181085,95.54398813988178
3.329854248585202,96.67014575141444
0.602501787229409,99.39749821277036
8.757482330986651,91.24251766901286
16.699156196835244,83.30084380316427
45.52325723202359,54.47674276797589
8.377885542889507,91.6221144571093
4.288753149842173,95.71124685015714
16.94825917630835,83.0517408236911
44.7460805457398,55.25391945425996
12.777518473560082,87.22248152643945
9.070963387812919,90.92903661218658
2.698307314399931,97.30169268559963
22.90866483158214,77.09133516841719
23.655667264380757,76.34433273561842
13.380298174416739,86.61970182558298
9.914759358547947,90.08524064145178
13.590474712183243,86.40952528781648
34.332393455854294,65.66760654414531
5.212418061038299,94.78758193896147
0.4950352314997415,99.50496476850003
91.06729860185557,8.932701398144395
8.28127387926845,91.718726120731
12.895330895216553,87.10466910478279
6.189577297436718,93.81042270256266
7.745619720117326,92.2543802798825
9.591161621860591,90.4088383781391
38.34663658517856,61.65336341482054
1.6231740601426057,98.37682593985672
37.57370931630164,62.42629068369785
2.115830644029327,97.8841693559699
17.3675381247536,82.63246187524598
2.0167043380298533,97.98329566196942
8.911506146051165,91.08849385394848
0.6635452669891481,99.33645473301044
66.40128699247873,33.598713007521184
41.08180236806653,58.91819763193321
0.19546142228319252,99.80453857771657
30.331089850730304,69.66891014926917
1.9330094979870982,98.0669905020121
19.042476074826737,80.95752392517265
1.8589695810030327,98.14103041899665
2.680857963184522,97.31914203681468
2.2337461554704294,97.76625384452917
41.424092038119795,58.57590796187998
1.6544191026129738,98.3455808973865
27.142415650518064,72.85758434948137
26.66976349171711,73.33023650828268
1.1341987049333695,98.86580129506638
9.971854663164219,90.02814533683538
88.85876759730665,11.141232402693236
24.85350789127268,75.14649210872697
0.8389588460367079,99.1610411539631
2.4905162560240948,97.5094837439756
8.467590824044898,91.53240917595488
15.18227223440819,84.81772776559143
30.514591362557553,69.48540863744228
10.3524651126409,89.64753488735873
5.7767453137381,94.22325468626154
21.372600580410758,78.62739941958846
3.051004631389244,96.94899536861024
9.994279322089238,90.00572067791033
4.65394518748991,95.34605481250993
14.35583137231576,85.64416862768357
8.755550035930803,91.24444996406812
6.543858242049061,93.45614175794994
5.993650608815349,94.00634939118405
38.80423019712703,61.195769802872476
0.1471288743323165,99.85287112566763
84.15160957436811,15.848390425631845
53.99647560790207,46.003524392097525
4.082662262300204,95.91733773769903
20.88537195471769,79.11462804528175
24.01761905911779,75.98238094088154
31.707124813318494,68.2928751866811
44.306814438376996,55.69318556162269
4.473638426346428,95.52636157365323
11.13678288285181,88.86321711714783
6.040225116885163,93.95977488311465
10.258746705593088,89.74125329440625
32.06572454399951,67.93427545599995
4.693439703765482,95.30656029623434
2.2974644431693783,97.70253555682987
5.480778538655304,94.51922146134383
3.5917381481497612,96.40826185184959
62.67320397647733,37.326796023522434
3.480681160558769,96.51931883944047
2.557298263599671,97.44270173639973
10.944413671931724,89.05558632806651
83.04381370556435,16.956186294435565
3.4620857532825533,96.53791424671694
9.903007029278946,90.09699297072065
3.3559739557152337,96.64402604428417
4.529728421236593,95.4702715787628
7.844878972773922,92.15512102722508
63.74674250286374,36.25325749713566
0.8508221278345419,99.1491778721647
17.095943658455486,82.90405634154381
12.369662110119993,87.63033788987966
1.4418428033009139,98.55815719669879
23.057900234264565,76.9420997657349
20.105873129350215,79.89412687064942
4.204908893764536,95.79509110623493
6.3861897690724225,93.61381023092699
11.772075024898625,88.22792497510066
13.949583552316055,86.05041644768352
23.05513055898177,76.94486944101779
7.71631185400231,92.28368814599682
16.093475439797988,83.90652456020149
2.258316783994798,97.74168321600473
35.23547043822756,64.76452956177172
18.361403793709997,81.63859620628988
7.931159334890643,92.06884066510875
2.037484652348845,97.96251534765102
15.102966485804043,84.89703351419568
38.156912679266526,61.84308732073258
70.524130244114,29.475869755885697
6.598989139736055,93.40101086026263
4.371788360197439,95.6282116398017
41.33821486358214,58.66178513641752
7.085906573242438,92.91409342675708
12.133835116359942,87.86616488363929
34.44898606296408,65.55101393703556
53.257540033238236,46.74245996676126
9.2422735280478,90.75772647195109
0.5088001551462371,99.49119984485357
15.051832599121685,84.94816740087774
18.804342294941208,81.1956577050584
3.861253175169075,96.1387468248306
26.042222048202678,73.95777795179639
14.711299223335667,85.28870077666355
3.935943725437116,96.06405627456188
11.755753257036163,88.24424674296327
1.1000750050755312,98.89992499492426
1.2973617365849528,98.70263826341463
9.78021157106335,90.21978842893633
7.03448836309895,92.96551163689952
3.250591223204725,96.7494087767949
75.40134801566562,24.598651984334072
1.4372066564913517,98.56279334350833
26.21840212935404,73.7815978706455
15.849361957209556,84.15063804279002
4.205718250109753,95.79428174988976
3.8341020480900414,96.16589795190943
3.6802258254573865,96.31977417454206
8.108476619987794,91.89152338001138
0.7465700797001977,99.25342992029906
19.472879852574472,80.52712014742514
29.68481160273539,70.31518839726381
71.4614369790306,28.53856302096914
7.7872729102695395,92.2127270897298
27.020279666224408,72.97972033377533
3.2194786615004563,96.78052133849899
75.80649350933678,24.19350649066304
36.48719410526842,63.512805894731464
18.416336893293547,81.58366310670601
15.09056115602561,84.90943884397392
8.776113176936676,91.22388682306295
7.676225292013992,92.32377470798536
13.800782551346993,86.19921744865246
5.105963319360661,94.89403668063869
2.7909873257661184,97.20901267423359
91.39417802863065,8.605821971369306
4.38882908620586,95.61117091379303
33.567053675622965,66.43294632437647
2.152858052046523,97.847141947953
2.556607974567163,97.44339202543236
10.209124915285201,89.79087508471424
22.404746246050244,77.59525375394841
25.289423594896338,74.71057640510297
49.01123661428459,50.98876338571512
10.539936077048564,89.46006392295119
1.137902498041348,98.86209750195813
3.684232808842262,96.31576719115719
25.148817399395096,74.85118260060393
40.108863290747706,59.8911367092513
8.383156120135478,91.61684387986416
7.103971542712317,92.89602845728635
9.519451340505784,90.48054865949408
1.4578650072386659,98.54213499276074
20.9111172107225,79.08888278927627
4.141124516184027,95.85887548381584
5.60865380847145,94.3913461915282
79.74464874109238,20.25535125890746
14.98720849823304,85.0127915017664
3.5201147928280037,96.47988520717124
7.215632351986705,92.78436764801236
3.436566349142349,96.56343365085695
6.080436197552812,93.91956380244683
12.103275601951088,87.89672439804852
19.524575301613414,80.47542469838619
3.2333213174080764,96.76667868259112
38.079573573285565,61.920426426714194
25.754746977126924,74.2452530228723
2.92293300842975,97.07706699156968
8.309660747971503,91.69033925202791
17.762007677711942,82.2379923222872
2.7570622704531056,97.24293772954663
34.69067455343753,65.3093254465618
3.415529087473286,96.58447091252617
19.88205777946506,80.11794222053459
20.47225877769547,79.52774122230403
9.64382370816742,90.35617629183187
4.483087827860085,95.51691217213963
16.68286202099754,83.31713797900193
6.744283307497264,93.25571669250209
21.146847927906638,78.8531520720921
42.56256760268472,57.437432397314915
22.304705015368942,77.69529498463069
1.7010321679608187,98.29896783203839
6.581276015682805,93.41872398431678
13.428357894886872,86.57164210511283
66.51238265027956,33.48761734972028
17.652443933910504,82.34755606608883
20.880099999125168,79.11990000087445
0.8461379070460354,99.15386209295343
12.580679245447271,87.41932075455249
3.172207196315281,96.8277928036839
6.764410233861794,93.23558976613782
50.56181524017833,49.43818475982146
22.914724110023887,77.08527588997566
21.20682975174438,78.79317024825505
4.543673980735463,95.4563260192637
47.76397095955377,52.23602904044515
38.540659961398546,61.45934003860093
6.665971662080677,93.33402833791858
16.196637791831424,83.80336220816798
4.0145367287714535,95.98546327122833
5.171339504095794,94.82866049590389
10.676161329808927,89.32383867019081
6.731557544257824,93.26844245574156
5.272240982627033,94.72775901737216
23.168198099269038,76.83180190073031
21.411311273424534,78.588688726575
16.5689372930538,83.43106270694555
56.348893753291016,43.65110624670829
8.480060576277099,91.5199394237225
30.577955118320904,69.42204488167873
35.91302362681043,64.08697637318913
22.877600891917417,77.12239910808161
17.111078792622827,82.88892120737675
21.0175910978916,78.98240890210755
38.83792817976058,61.16207182023891
28.837306615923314,71.16269338407606
9.033006027266097,90.96699397273288
38.05955901372548,61.94044098627407
5.23699076230669,94.76300923769293
1.588862745771058,98.41113725422822
4.4473904125979535,95.55260958740136
4.294522392161455,95.70547760783815
1.1114200194851764,98.88857998051455
1.3536212188789387,98.64637878112075
81.29418446762024,18.705815532379628
6.987835606262707,93.01216439373685
58.86051554531993,41.139484454679796
0.6711924680122502,99.32880753198721
21.81926265353574,78.18073734646345
65.95766487120453,34.04233512879533
40.7292843320038,59.27071566799537
4.688110045337231,95.31188995466216
13.697094576954456,86.30290542304485
68.08303890767392,31.916961092325696
1.3460237594535436,98.65397624054562
8.460336975956013,91.53966302404349
7.247687991572454,92.75231200842701
14.5942801364199,85.40571986357979
43.89985753072091,56.100142469278815
15.107546194754917,84.89245380524473
1.537554201159271,98.46244579884048
3.448389161044125,96.55161083895555
11.776004470613097,88.22399552938613
2.4846615159903864,97.51533848400898
10.083493654314662,89.91650634568498
47.241281853895714,52.75871814610403
67.3590764094482,32.64092359055168
17.576210803033554,82.42378919696591
19.940211022707903,80.05978897729145
2.6464283729517915,97.35357162704756
1.7854932260177399,98.21450677398211
45.779105155617856,54.220894844381384
16.102196144922914,83.8978038550764
0.8504876690144906,99.14951233098512
7.177110486987733,92.82288951301187
3.197210675046156,96.8027893249537
58.89062060449704,41.10937939550277
97.76659857390574,2.2334014260942454
13.626523947617034,86.37347605238136
15.479540381897106,84.5204596181024
59.65684806816498,40.34315193183424
19.567967998659626,80.4320320013399
5.232793599862142,94.76720640013735
10.472125092617427,89.52787490738223
29.496070045393946,70.50392995460497
16.230896304469834,83.76910369552971
10.13612142354352,89.86387857645627
1.0072458083587212,98.99275419164096
83.37465057619794,16.625349423801946
1.533371627004306,98.46662837299499
13.653434558980157,86.34656544101948
18.857956775586928,81.14204322441256
9.388420512682677,90.61157948731689
33.61417739779103,66.38582260220866
19.06371109999549,80.93628890000403
40.46218441370744,59.53781558629214
2.142699120902989,97.85730087909647
14.59911305798559,85.40088694201373
55.89948943697116,44.100510563028685
1.3421783791804696,98.65782162081885
48.737014276524334,51.26298572347525
0.8166207911190925,99.18337920888034
7.471104738157525,92.52889526184218
2.2355754317779954,97.76442456822154
1.6803395702959407,98.31966042970399
7.980997018992213,92.01900298100743
10.83893782789285,89.16106217210618
6.925229174717858,93.07477082528165
95.94326605585275,4.056733944147214
35.41553925966355,64.584460740336
5.133345603167349,94.86665439683233
28.71823313137835,71.2817668686211
16.27778240775665,83.72221759224291
11.009318463232551,88.99068153676697
7.355385190053034,92.64461480994478
1.4422281321115127,98.55777186788804
6.098110359331527,93.90188964066797
0.47970953474801226,99.52029046525196
2.8987961498250425,97.10120385017441
80.55712765213336,19.4428723478664
3.5506945605322517,96.44930543946754
1.2579287630324236,98.74207123696719
5.558331488748925,94.44166851125034
2.1203022592099994,97.87969774078917
25.702623155061165,74.29737684493794
6.256213427223884,93.74378657277572
13.67934478369228,86.32065521630734
58.35134156676094,41.64865843323883
7.916146693447263,92.0838533065521
7.038665129326442,92.96133487067311
1.2058933795622198,98.79410662043747
3.7825827112765267,96.21741728872254
3.970522457911612,96.02947754208786
3.4279706134016883,96.57202938659786
2.3625010897101397,97.63749891028931
5.7495594313461815,94.25044056865346
35.46855479735702,64.53144520264249
1.871314747967785,98.12868525203183
10.907745247094148,89.09225475290576
3.5451199770380053,96.4548800229617
19.996424755590713,80.00357524440876
48.57744160302396,51.422558396975674
64.8373479888064,35.16265201119345
11.826538932652563,88.17346106734678
38.157476085298356,61.842523914700905
3.5690387302970383,96.43096126970269
1.1181036281639194,98.88189637183578
16.832616271688806,83.16738372831075
1.0174674137759272,98.98253258622351
26.06574668453103,73.93425331546867
5.855982259523367,94.14401774047639
17.086457082194052,82.91354291780537
5.46916192815977,94.53083807183931
20.541478709198884,79.45852129080049
19.81245575478593,80.1875442452136
4.502287691720106,95.49771230827892
5.44740199329876,94.55259800670053
39.5330757689736,60.466924231026184
38.45592219811515,61.544077801884086
72.91563238987867,27.084367610121262
26.14366304652839,73.85633695347076
2.607898420799373,97.39210157920036
8.876175774372182,91.12382422562762
1.4775102497248844,98.52248975027486
22.39352901678041,77.60647098321931
13.198732214885691,86.80126778511385
2.1427907512662125,97.85720924873343
11.931675435104196,88.06832456489515
1.0897004212798769,98.91029957871959
1.667713858778639,98.33228614122095
8.358621811276059,91.64137818872342
6.614042104932976,93.38595789506584
53.08472374301938,46.91527625698013
27.352771842671945,72.64722815732765
8.71373331780346,91.28626668219621
22.612597888219547,77.3874021117799
30.72921884163671,69.2707811583626
12.370208705074493,87.62979129492521
8.265507670774468,91.73449232922518
5.595662477462979,94.40433752253671
12.173993901214564,87.82600609878514
8.374705945396586,91.62529405460286
4.772476476384798,95.22752352361461
20.035780751911307,79.96421924808827
3.753660804540741,96.24633919545909
21.677938065606103,78.32206193439359
4.731675669479672,95.26832433052002
8.581611067463943,91.41838893253538
15.328412307251574,84.6715876927477
69.6988024702042,30.301197529795566
27.09880886872954,72.90119113127005
2.7719729919789824,97.22802700802066
5.778355314512642,94.22164468548677
98.58416669887987,1.4158333011201136
4.98705472538388,95.01294527461536
5.821633637292705,94.17836636270694
33.16312288766394,66.8368771123358
41.45455842418309,58.545441575816405
0.9300533333779414,99.0699466666217
5.160184346842376,94.83981565315696
10.611073805371436,89.38892619462803
9.542294611087165,90.45770538891253
4.676939911097035,95.32306008890257
13.534761275886186,86.46523872411326
27.264722808058128,72.73527719194124
0.7621855399509011,99.23781446004878
2.313534331869331,97.68646566812978
1.2797026496289368,98.72029735037053
4.400106541447746,95.59989345855206
2.3808994604971487,97.61910053950224
12.56889910463917,87.43110089535982
4.341227051959534,95.65877294803995
20.68228533471101,79.31771466528848
3.306208808555296,96.6937911914441
8.348144143921857,91.65185585607782
4.684374131751088,95.3156258682486
5.446301484576602,94.5536985154231
14.515894427526845,85.48410557247274
7.089229023486504,92.91077097651326
22.32952516125672,77.67047483874244
20.26524801099491,79.73475198900474
11.27931643136857,88.7206835686307
1.329808996907806,98.67019100309199
3.2278337296842188,96.77216627031521
47.65413071263645,52.34586928736309
3.413452834108978,96.58654716588997
48.2258199270791,51.774180072920274
8.491940478278199,91.50805952172111
9.665461170094952,90.33453882990469
18.281306341860862,81.71869365813825
0.6218898652600737,99.3781101347397
19.874150688293447,80.12584931170578
94.23529928781262,5.764700712187329
1.6231738990994005,98.37682610089992
24.16327002655531,75.83672997344448
95.58400053466222,4.415999465337757
2.0336458825941306,97.96635411740567
1.3141427277870363,98.68585727221269
1.656376579490578,98.34362342050935
29.64442202514358,70.35557797485603
7.675845738513422,92.32415426148611
41.67097338292829,58.32902661707111
20.793218519983487,79.20678148001576
8.407061974605561,91.59293802539366
0.9231399899623145,99.0768600100373
5.347509396974165,94.6524906030257
9.397916643732342,90.6020833562671
9.4110745840532,90.58892541594633
31.92654185260533,68.07345814739443
1.5234443133423101,98.47655568665735
30.8676050234514,69.13239497654803
21.793586790514723,78.20641320948452
3.79178951343616,96.20821048656339
2.6046316150072557,97.39536838499235
8.973966085081011,91.02603391491837
32.225977785884474,67.77402221411481
9.607237009534526,90.39276299046506
4.572598808966124,95.42740119103354
32.55346102435586,67.4465389756436
1.339361524087133,98.66063847591279
5.338683495407613,94.66131650459201
10.778684683144888,89.22131531685422
6.485661657639941,93.51433834235961
0.472534260470644,99.52746573952908
31.18786544185398,68.81213455814552
18.338037911894325,81.66196208810511
20.245948155629183,79.75405184437024
29.433799687483404,70.56620031251614
27.852909873833003,72.14709012616647
8.918786098052403,91.08121390194711
40.53655476882969,59.463445231169985
11.98394986796989,88.016050132029
92.08485394292683,7.915146057073148
18.33293066302139,81.66706933697776
14.96738023058726,85.03261976941252
10.613141356143107,89.38685864385612
21.392504333235056,78.60749566676424
36.39717429589572,63.60282570410356
16.30437467768483,83.6956253223141
7.158691130469094,92.84130886953064
5.708930694966725,94.29106930503312
47.663184779550306,52.33681522044928
1.8686107797899902,98.13138922020971
2.7267817144100652,97.27321828558931
22.06438737458778,77.93561262541145
0.9575215697148672,99.04247843028486
32.391447553016356,67.60855244698288
2.329238907059871,97.67076109293978
50.50006206437926,49.49993793562051
2.37707804824851,97.62292195175087
4.806989583493312,95.19301041650624
34.910736744037685,65.0892632559617
24.971085676500856,75.02891432349881
0.8833081957361473,99.11669180426306
55.10343411971614,44.896565880283596
15.933247298888126,84.06675270111108
4.096225828747204,95.9037741712524
17.884359211979206,82.11564078802053
5.094074856561532,94.90592514343794
3.1873914807912263,96.81260851920814
2.7845064587778237,97.21549354122155
1.3334051559631068,98.66659484403628
8.877107481034512,91.12289251896492
1.99794483257772,98.0020551674219
1.5378646119661081,98.46213538803352
2.6284462475103147,97.37155375248906
22.249354517832895,77.75064548216669
16.22976300704368,83.77023699295579
28.032039666756344,71.96796033324293
13.427448112136819,86.57255188786243
3.82811533408045,96.17188466591898
7.820593272656851,92.1794067273421
11.675904198094216,88.32409580190537
11.369755693454378,88.63024430654521
17.701659913217526,82.29834008678179
17.850727454085078,82.14927254591383
2.02680247372952,97.97319752627011
16.365966477678747,83.63403352232072
8.387798651877144,91.61220134812218
21.286296511197516,78.71370348880208
87.88328276403296,12.116717235966933
7.394175014413329,92.60582498558607
5.342051965275074,94.65794803472443
96.8012367383214,3.1987632616785597
1.8745470817208283,98.12545291827847
18.460262929778857,81.53973707022067
17.368503745242574,82.63149625475702
3.696530398152297,96.3034696018474
22.403476389684077,77.5965236103158
24.971582801808403,75.02841719819095
13.125135588221056,86.87486441177829
7.029203931467756,92.97079606853114
9.696767392986683,90.30323260701294
43.36063168040527,56.63936831959432
17.337068297291218,82.6629317027081
1.131274175345355,98.86872582465412
2.003599711082423,97.99640028891726
11.362552768707086,88.63744723129257
5.642025477500751,94.35797452249884
29.606246216301535,70.39375378369803
0.7112360803843933,99.28876391961529
5.2939723922626305,94.70602760773691
11.260211976478892,88.73978802352053
27.61917977376367,72.38082022623593
9.568798339936556,90.43120166006292
25.852533202721535,74.14746679727796
8.358581140544603,91.64141885945442
5.927277179361785,94.0727228206373
41.84625505539049,58.153744944608995
37.50758884588471,62.49241115411458
26.22321529275464,73.77678470724496
6.370810733526423,93.62918926647338
46.12127810123709,53.878721898762436
22.837993772749297,77.16200622725007
18.484592867919396,81.51540713207999
4.081906586491075,95.91809341350847
36.222440448466806,63.77755955153259
1.4535406732715812,98.54645932672777
7.187378915806152,92.81262108419325
2.830368085103084,97.1696319148965
12.235359961110715,87.76464003888881
0.48574313176787104,99.51425686823208
0.6444156583241852,99.35558434167562
6.575899547732951,93.42410045226666
44.194017339960986,55.80598266003829
14.212599416609914,85.78740058338964
2.1194185470499347,97.8805814529497
47.92791201994587,52.07208798005385
5.339174164804702,94.66082583519477
7.466988555774506,92.53301144422494
19.187235714571322,80.81276428542829
86.63496530719516,13.365034692804691
6.483230178254989,93.5167698217444
36.119464661134955,63.88053533886474
78.01619716937338,21.983802830626477
80.49806807018365,19.50193192981621
45.945138982429725,54.054861017569614
17.36817646283127,82.63182353716817
2.441117761410154,97.55888223858936
29.8976087149511,70.10239128504837
7.841139676682361,92.15886032331731
18.90037270791149,81.09962729208799
4.378284003695401,95.62171599630385
24.680856834753445,75.31914316524609
3.1183346614359415,96.88166533856345
27.2841567538742,72.71584324612537
24.277363927483584,75.72263607251568
4.831584418013235,95.16841558198593
20.744556916322377,79.25544308367718
5.855880159977814,94.14411984002149
15.312755883477058,84.6872441165226
21.44889825652433,78.55110174347485
30.888789445108532,69.11121055489099
10.390637220197638,89.6093627798019
3.3310300943294133,96.66896990567012
3.0048310588587963,96.9951689411409
17.960415054961324,82.03958494503833
68.02831579434583,31.97168420565393
3.7890841915900775,96.21091580840884
7.6503154591946485,92.34968454080514
2.63746469097381,97.36253530902584
5.890449274708241,94.10955072529143
56.54758962036052,43.45241037963934
4.84091589281078,95.15908410718846
5.5319031827076985,94.46809681729181
13.688620227144426,86.3113797728539
55.39356667915002,44.60643332084962
13.933923914762621,86.06607608523692
20.918248796663985,79.08175120333566
96.4169705860622,3.583029413937771
65.69577434944416,34.30422565055565
13.72379085740352,86.27620914259589
38.167065920630556,61.832934079368954
9.769661850827967,90.23033814917162
64.84486026043407,35.1551397395657
6.25840426073233,93.7415957392671
1.0381473475802305,98.96185265241955
19.227674074386353,80.77232592561316
1.9383213782442212,98.0616786217551
4.9939833171082855,95.00601668289104
3.353458273913274,96.64654172608635
18.50450893018794,81.49549106981159
2.237313915193079,97.76268608480653
93.74308959557473,6.25691040442519
14.680974561992945,85.31902543800666
35.6336198152902,64.36638018470917
7.322508958018581,92.67749104198113
15.141422018330164,84.85857798166926
18.689054020111556,81.31094597988795
17.139247472346664,82.8607525276527
11.876734904353109,88.12326509564656
1.9491986465315216,98.05080135346806
8.112539399558866,91.88746060044055
10.106048559833733,89.89395144016541
2.01994545453646,97.98005454546347
3.460492851304084,96.5395071486954
84.22119489292808,15.778805107071825
12.64975177939108,87.35024822060831
13.499224172525611,86.50077582747409
3.7716007007230585,96.22839929927635
39.06149480205465,60.93850519794489
42.61743704231953,57.38256295767962
66.66485316524484,33.33514683475497
5.237873150010226,94.76212684998923
12.332504872059122,87.66749512794031
7.7803613932904625,92.21963860670891
49.05781474878401,50.942185251215456
0.7917112863866,99.20828871361286
24.642076936121775,75.35792306387782
85.16683742155072,14.833162578449151
4.059127418742328,95.94087258125684
20.87190606391758,79.12809393608131
8.789136217955717,91.21086378204379
16.13909435227312,83.8609056477263
7.719679652782216,92.280320347217
42.70585158151097,57.294148418488675
2.425940765597949,97.57405923440143
12.291073145341445,87.7089268546579
6.609268570233297,93.39073142976643
0.6091433993816532,99.39085660061822
47.58458801124772,52.41541198875187
4.025700814770121,95.97429918522903
1.298247714408064,98.70175228559151
8.2160563091052,91.78394369089447
1.052076963695894,98.94792303630337
20.311553764181422,79.68844623581795
3.3294896197540993,96.67051038024518
10.576660187729729,89.4233398122699
27.336232984479558,72.66376701551923
1.562980849137035,98.4370191508623
4.042676747893084,95.95732325210608
8.513931861909164,91.48606813809022
5.222348472734841,94.77765152726425
16.883269854509113,83.11673014549035
2.2603899646111305,97.73961003538852
0.39059197283462965,99.60940802716524
58.73155205138602,41.268447948613755
2.94627833057812,97.05372166942138
38.099344001635885,61.900655998363305
15.776932481416969,84.22306751858272
48.31471469006204,51.68528530993755
3.76957406070598,96.23042593929314
14.818556513744992,85.18144348625444
9.35093093156994,90.64906906842957
84.67571823927763,15.324281760722192
6.04311004004965,93.95688995995008
30.169780034818217,69.83021996518139
19.352035731802122,80.64796426819744
5.194742599571572,94.80525740042796
5.324535061743151,94.67546493825648
5.003715904114787,94.99628409588495
22.60299900184381,77.39700099815563
41.49878488003867,58.50121511996084
44.48164838911799,55.51835161088173
17.691737268168023,82.30826273183128
1.2847929736016408,98.71520702639805
14.957367105594837,85.04263289440466
5.41159043830808,94.58840956169155
82.40643809577314,17.593561904226792
8.658987020243442,91.34101297975606
2.0877074515382605,97.91229254846108
2.040018593617345,97.95998140638214
4.375557018688612,95.62444298131064
8.525768854924625,91.47423114507492
7.585664946809943,92.41433505318946
16.054789912634167,83.94521008736514
14.57084341959202,85.42915658040741
10.690798734023446,89.30920126597564
1.3168599427316692,98.68314005726772
8.785151147461415,91.21484885253814
20.725038114554824,79.27496188544424
11.77089278254307,88.22910721745633
6.8442251747269465,93.15577482527262
12.297684925218737,87.702315074781
8.606523507974531,91.39347649202475
26.52027134981216,73.4797286501873
6.1146756324895035,93.88532436751011
41.03676077842014,58.96323922157958
6.572082267446257,93.42791773255328
6.246981978497646,93.75301802150197
25.508386448903575,74.4916135510954
3.4586778426508866,96.54132215734865
37.09088637220242,62.909113627796664
2.0689181863322856,97.93108181366705
1.535259622356209,98.46474037764308
26.177399612817098,73.82260038718267
69.31739607192499,30.682603928074897
3.8653213551534114,96.1346786448461
2.4403576507432567,97.55964234925626
2.9964895851444058,97.00351041485482
17.682152309422257,82.3178476905772
16.031820073864875,83.96817992613462
50.04396132882064,49.95603867117835
0.4461262908011952,99.55387370919858
2.2167904125152,97.7832095874844
9.15065063389707,90.84934936610254
3.159662882261074,96.84033711773871
9.732228541399172,90.2677714586002
29.58567603550266,70.41432396449662
28.527545473793047,71.47245452620655
39.50540316370888,60.494596836290604
19.031779432942876,80.9682205670561
8.641906064508406,91.35809393549091
4.455627473740548,95.54437252625894
11.426595134273636,88.57340486572599
9.055425666677111,90.94457433332231
22.870211582029143,77.12978841797039
60.74617609909355,39.25382390090609
9.183621721719039,90.81637827828027
19.477494554278135,80.52250544572121
15.924793757739552,84.07520624226004
20.273097519428248,79.72690248057094
14.793832670256979,85.20616732974217
1.0373190067060385,98.96268099329365
43.78032669071875,56.21967330928097
0.3762450180559519,99.6237549819439
31.837159531143875,68.16284046885548
25.14191011911758,74.8580898808819
3.346076829990299,96.65392317000918
37.16909393328835,62.830906066711265
3.0002232046864576,96.99977679531315
91.04059517253064,8.95940482746932
9.632021685079568,90.36797831491985
24.885757562174916,75.11424243782444
4.871805572435668,95.12819442756353
1.426228413195594,98.57377158680411
5.37002841407931,94.62997158592042
3.2538739314864893,96.74612606851278
5.313683476150746,94.68631652384896
41.940978297755876,58.059021702243385
12.382438494578793,87.61756150542087
14.244427993930453,85.75557200606903
12.875134064284802,87.12486593571455
1.3035521783459632,98.69644782165375
2.35365072407068,97.64634927592834
21.257039674310004,78.74296032568958
6.376729209308271,93.62327079069156
37.6190152914338,62.38098470856562
18.86294705325503,81.1370529467446
2.236302668006088,97.76369733199367
8.675296888652905,91.32470311134678
11.710436162188019,88.28956383781144
2.268378776436809,97.73162122356275
24.734101787424052,75.26589821257542
27.909329588837224,72.09067041116244
3.5649496713546953,96.43505032864473
5.494354746024563,94.50564525397489
9.327237137175889,90.67276286282329
74.72953265956711,25.270467340432702
1.998171107521554,98.00182889247814
17.17003168887639,82.82996831112297
8.735100492765179,91.2648995072344
37.56263545371833,62.43736454628137
4.230793495306554,95.76920650469306
51.34158936898563,48.65841063101403
8.149553369823424,91.85044663017635
0.38704183050100915,99.61295816949857
1.0241254591768214,98.97587454082296
25.477746525835226,74.52225347416459
3.8331069703220444,96.16689302967727
3.1314035163198057,96.8685964836796
1.6301833948860815,98.36981660511341
4.966602365651554,95.03339763434752
27.5250430579414,72.47495694205789
11.00776032098258,88.99223967901688
34.04461315123758,65.95538684876192
41.583968057571354,58.41603194242826
1.222185815392848,98.77781418460664
4.7861300896126355,95.21386991038713
98.18533168563101,1.8146683143689617
10.045379900962738,89.95462009903662
44.34508077186496,55.65491922813365
22.007231203512443,77.99276879648707
5.9637420187838455,94.03625798121563
12.463941578489859,87.53605842150962
17.31700170736452,82.68299829263479
20.691956122459466,79.30804387753963
44.51741380113887,55.48258619886043
27.479673481160027,72.52032651883951
3.0074457972419504,96.99255420275757
12.494835619911745,87.50516438008759
4.423168079066848,95.57683192093242
22.43513349971128,77.56486650028813
11.170488243433278,88.82951175656653
4.376997009746102,95.62300299025306
1.6566558854608744,98.34334411453887
19.30683027021661,80.69316972978301
0.4756045812397478,99.52439541876016
73.63674924992421,26.36325075007543
0.8695593908176319,99.13044060918213
19.813339297053307,80.18666070294616
3.7557385639275074,96.24426143607214
7.40632198313563,92.59367801686395
0.4608400668035417,99.53915993319632
10.632543606138286,89.36745639386147
6.665470638723534,93.33452936127603
15.464660866577857,84.53533913342189
34.82631042780323,65.17368957219631
98.51721073705997,1.4827892629400186
31.04041034483694,68.95958965516229
4.91287689669631,95.08712310330309
87.73536934121806,12.264630658781892
34.09896720989962,65.90103279009955
6.330293819618387,93.66970618038137
4.892479374681824,95.1075206253178
15.779923102666155,84.22007689733354
11.820728997954683,88.179271002045
4.061600439307066,95.93839956069253
6.834537010861001,93.1654629891384
15.277086151629751,84.72291384836961
26.375562896418653,73.62443710358068
12.28669016818125,87.71330983181804
31.492134804282518,68.50786519571705
0.7039341950456949,99.29606580495361
6.848636703663032,93.15136329633663
23.618453833300517,76.38154616669915
29.466153465005156,70.53384653499418
20.58005365885877,79.41994634114032
8.375246050602673,91.62475394939665
8.52231836643789,91.47768163356173
38.592933519759356,61.407066480240445
3.006148603648764,96.99385139635102
6.440256396397979,93.5597436036015
7.672532351374052,92.32746764862577
3.969135629382535,96.03086437061688
19.206008731731412,80.79399126826817
7.842209699450637,92.15779030054898
4.154702423449981,95.8452975765492
5.6229427497453415,94.37705725025432
3.6018383531736182,96.39816164682541
90.40803820449975,9.591961795500223
0.9438811797526027,99.05611882024675
7.358852768316824,92.64114723168221
3.2495642637725286,96.75043573622699
16.303294843410082,83.69670515658963
5.691852598068254,94.30814740193095
1.3114303747486336,98.68856962525079
30.43513543660702,69.56486456339233
11.167148248934707,88.83285175106488
4.44141573958136,95.55858426041843
0.8751295598473726,99.12487044015232
5.742198743027064,94.25780125697236
17.23964913432527,82.7603508656741
12.81443382988137,87.1855661701181
35.093560856924206,64.90643914307516
4.795305523442413,95.20469447655697
5.012083658852304,94.9879163411471
2.511344313767812,97.48865568623155
2.8317366139638858,97.16826338603552
12.609442904680874,87.39055709531868
79.84531701139281,20.154682988607046
41.57527422934555,58.42472577065402
10.596742904552425,89.4032570954469
21.53991050743498,78.46008949256453
4.009995574649753,95.99000442534991
11.918591278331487,88.08140872166751
3.1257641010015664,96.87423589899817
4.410765100740509,95.58923489925935
23.6487000217548,76.35129997824465
7.406539752001962,92.59346024799659
1.7947262625401468,98.20527373745938
4.717901711175439,95.2820982888235
2.5006427424100273,97.49935725758951
4.949162977196162,95.05083702280336
12.731294774319288,87.26870522568032
37.494403290419974,62.50559670957926
28.5069911908953,71.49300880910423
15.7727352096534,84.22726479034621
8.910087782423105,91.08991221757594
19.94845925570105,80.05154074429856
4.973760214687406,95.02623978531209
2.1041210147381197,97.89587898526123
17.42694513113305,82.57305486886641
1.2771397958560147,98.72286020414352
21.932708824414153,78.06729117558555
96.45002084317471,3.5499791568252586
9.428594706663747,90.5714052933352
13.331014206844879,86.66898579315455
16.770467304619928,83.229532695379
17.904217169089417,82.09578283090995
6.147904216191328,93.85209578380821
5.455497468569178,94.54450253143028
69.37824684372873,30.62175315627084
8.991789431147515,91.00821056885209
33.19388681329192,66.80611318670744
6.779113472401567,93.22088652759804
19.62370413313441,80.37629586686512
7.682954562754104,92.31704543724544
4.769228771210852,95.2307712287889
62.678137002422105,37.32186299757762
33.62501838890533,66.37498161109406
8.426042356808047,91.57395764319105
2.047123842631824,97.95287615736744
22.00447507786089,77.99552492213866
2.6444762959837975,97.35552370401585
27.77295482600135,72.22704517399835
8.514615088771595,91.48538491122777
38.2674719921354,61.7325280078641
25.250079595326913,74.74992040467264
29.42992844957685,70.57007155042194
15.131342050641253,84.86865794935838
21.48573369419637,78.51426630580298
6.014344072291365,93.9856559277083
3.0380929530682255,96.96190704693073
13.449625762510145,86.55037423748962
33.080609228921666,66.91939077107669
10.461170186482384,89.53882981351727
26.255161791286596,73.74483820871278
6.912891427481531,93.08710857251798
45.06016335671442,54.9398366432852
24.22084064343648,75.77915935656307
44.651670837909805,55.348329162089684
42.58718224625431,57.412817753745436
1.6824007160690415,98.31759928393053
6.596147417473566,93.40385258252539
24.481510801642695,75.51848919835635
67.64888308002384,32.351116919975794
15.162720229869544,84.8372797701298
4.456366850593362,95.54363314940593
16.91136875245828,83.08863124754076
6.374917311534524,93.62508268846416
16.444029935705576,83.55597006429392
4.453755844918753,95.54624415508098
10.838401641649217,89.16159835835022
23.89728816748717,76.10271183251228
5.566487725529044,94.43351227447069
14.525105728219467,85.47489427177955
2.7769714196234028,97.22302858037634
53.43471727906019,46.5652827209393
6.604122815239942,93.39587718475923
24.717171140623286,75.28282885937617
23.794781654169267,76.20521834583029
28.28358466726561,71.7164153327343
14.06083134175253,85.93916865824684
4.0192682026483375,95.9807317973511
24.910001967309576,75.0899980326898
16.40948119551159,83.59051880448784
35.65376629176089,64.34623370823891
12.548430012095894,87.45156998790385
5.531354473338381,94.46864552666115
85.25092447709875,14.749075522901178
14.546960874251907,85.45303912574778
25.53123324491508,74.46876675508436
2.191241680336081,97.80875831966318
2.9753739312876872,97.02462606871217
5.378202695106369,94.62179730489316
1.6018100430325624,98.39818995696722
5.5750618396009965,94.42493816039863
16.429269215255886,83.57073078474366
3.3332860879056727,96.66671391209424
0.9268933503945441,99.07310664960522
42.004510988132154,57.995489011867406
14.135984739664922,85.86401526033465
2.3067941974445025,97.69320580255511
10.449608582768017,89.55039141723151
1.389702394669736,98.61029760532962
35.84953960423456,64.15046039576531
56.571349289798576,43.42865071020128
8.017379801938459,91.98262019806106
3.5358781768089105,96.46412182319047
4.362559054172121,95.63744094582752
1.7946814327134735,98.20531856728616
5.32967808412908,94.67032191587037
3.41344815574462,96.58655184425461
19.22306722182514,80.77693277817417
5.2195055791833,94.78049442081597
4.278902594416145,95.72109740558258
16.854139917760484,83.14586008223903
22.444731968115995,77.55526803188347
61.97249622400365,38.02750377599595
41.150523383796425,58.8494766162027
10.47410954976133,89.52589045023792
0.8574433558097138,99.14255664418981
35.75517229043704,64.24482770956197
0.8883726133779853,99.11162738662166
5.211010929067658,94.78898907093193
95.46598300197235,4.534016998027626
18.63879231598239,81.36120768401724
7.31699165658219,92.68300834341699
18.456336419848974,81.54366358015031
6.945003739237745,93.05499626076156
14.923559671469121,85.0764403285305
23.156308825495202,76.84369117450458
27.510311392652838,72.48968860734668
7.818338165436164,92.18166183456358
29.853543748641915,70.14645625135782
14.549646565690297,85.45035343430864
89.38683985990342,10.613160140096523
7.30210113425777,92.69789886574196
12.883031559283427,87.11696844071591
5.180044067435783,94.81995593256367
4.452508403679743,95.54749159631979
58.94149936648832,41.05850063351133
16.240025881191183,83.75997411880853
5.692098807964142,94.30790119203535
22.296559873512393,77.70344012648702
0.9127561274551506,99.08724387254449
23.735185102883623,76.26481489711583
14.313443005901627,85.68655699409798
29.04739147138174,70.95260852861747
31.494092467535772,68.50590753246365
5.8188953340567,94.1811046659425
41.1545369344312,58.84546306556837
2.6922757410832756,97.3077242589163
7.799034246902541,92.20096575309701
23.53267867500232,76.46732132499687
15.744983105232288,84.25501689476667
5.156355218836943,94.84364478116237
11.844892635412245,88.15510736458748
6.986927018375328,93.01307298162438
12.555826776475218,87.44417322352373
11.485782282125822,88.5142177178737
3.0770240742142643,96.92297592578504
3.3873932152016186,96.61260678479749
13.960408683984912,86.03959131601427
73.11895436126763,26.881045638732175
0.651826053617012,99.34817394638274
2.5710258518686526,97.42897414813065
0.3410755516306076,99.65892444836922
16.566054605536937,83.43394539446263
12.207037998784259,87.79296200121463
11.494759616392738,88.50524038360656
27.547606173711607,72.45239382628799
59.35025284157679,40.649747158422606
47.120217565490016,52.87978243450977
89.07237470172373,10.927625298276208
20.31482800854702,79.68517199145121
86.5730322421315,13.426967757868333
2.0130708628661624,97.98692913713342
29.590857271493853,70.40914272850564
14.682244235419176,85.31775576458054
7.12489618200239,92.87510381799675
37.93143619909791,62.068563800901366
8.109984169104784,91.89001583089441
2.057504532588385,97.9424954674114
14.629494519924997,85.37050548007419
22.691179862277895,77.3088201377216
28.152908565510394,71.84709143448934
15.705240032509135,84.29475996749046
2.176274477224539,97.82372552277477
2.7439349337402854,97.25606506625886
4.533578330662378,95.46642166933704
9.239420823080996,90.76057917691871
11.904578761669075,88.09542123833056
27.226436015081813,72.77356398491762
71.44557223160564,28.554427768394184
2.5121163080406532,97.48788369195893
40.57150319670677,59.42849680329272
5.556604056657552,94.44339594334197
15.53642260143521,84.46357739856457
16.037711408464567,83.96228859153454
31.390714000175624,68.60928599982395
14.622956211279392,85.37704378872036
10.34529106306586,89.65470893693389
1.5881690931386274,98.41183090686098
17.002641452194506,82.99735854780505
5.045673697598761,94.95432630240082
4.680363059132034,95.3196369408673
11.298241143752598,88.70175885624651
4.681316863131267,95.31868313686816
0.8044229562804343,99.19557704371907
96.184173740652,3.8158262593479644
13.934376676987318,86.0656233230122
52.52397813347442,47.47602186652546
6.832916885931138,93.16708311406856
9.192283472072793,90.80771652792681
20.611104119907736,79.3888958800913
47.33465638892599,52.665343611073546
16.988761603202725,83.01123839679687
8.194119445806257,91.80588055419281
2.691194668784961,97.30880533121481
15.03765686456027,84.96234313543948
16.87227863339279,83.12772136660658
29.620670187723242,70.37932981227645
4.199630900327906,95.80036909967129
26.756685588563922,73.24331441143535
32.21899661920631,67.78100338079327
96.56495345401983,3.4350465459801325
10.400701571088046,89.5992984289114
24.64769100140148,75.35230899859823
13.270210853072772,86.72978914692648
17.36487948142053,82.6351205185789
9.371673243228216,90.62832675677139
3.37783146466061,96.62216853533877
43.78500715381652,56.21499284618293
33.58626774556745,66.41373225443145
7.445230562409237,92.5547694375902
31.560622487787747,68.4393775122119
21.17602067296543,78.8239793270342
12.33066214403905,87.66933785596055
1.1150028404492942,98.88499715955035
0.4981505014296751,99.50184949856995
25.254427275119173,74.74557272488066
8.348972571973736,91.65102742802588
3.840048898875486,96.15995110112411
28.81709072198066,71.1829092780189
32.09974137859328,67.90025862140598
16.465940431617152,83.53405956838238
44.28193440340597,55.71806559659339
2.8571176969504615,97.1428823030493
44.7271091239345,55.27289087606525
8.598866215240065,91.40113378475961
2.758808695285519,97.2411913047138
55.94125689330897,44.05874310669073
17.216433556147074,82.78356644385244
10.502607866006407,89.49739213399302
1.2904005414333515,98.7095994585658
12.167537598813134,87.83246240118606
3.379885584494908,96.62011441550463
43.34702502344401,56.65297497655577
28.189891169309643,71.81010883068993
7.09229987199058,92.90770012800928
88.81889236026306,11.181107639736888
22.902988835242923,77.0970111647565
4.423457677432114,95.57654232256768
1.6831128828645046,98.3168871171348
2.1772530606096763,97.82274693939011
37.95222852156571,62.04777147843341
7.539050333131618,92.46094966686793
82.96602771736289,17.033972282636924
8.645643528499502,91.35435647150014
0.9394775263340202,99.06052247366553
4.069784847964787,95.93021515203498
1.7068318673840617,98.2931681326152
10.3304560181066,89.66954398189276
3.910260730152214,96.08973926984736
99.14114412438613,0.8588558756138555
3.2882200301716327,96.7117799698279
9.802411399675004,90.1975886003246
14.994972742777406,85.00502725722228
53.28723496700927,46.71276503298978
18.14173506042475,81.85826493957482
26.911340135961787,73.0886598640379
9.849691974898452,90.1503080251009
36.12804747702048,63.871952522978745
43.802648509905836,56.19735149009317
27.681402397826986,72.31859760217243
2.314639922245199,97.68536007775424
9.250265434190178,90.7497345658092
1.3639640988138912,98.63603590118551
6.406008446561429,93.59399155343742
5.625419446038663,94.37458055396081
5.148487652270756,94.851512347728
39.055871160913966,60.94412883908582
1.2168317746827089,98.7831682253166
4.658262761948611,95.3417372380512
17.18840255217183,82.81159744782781
16.331716706693953,83.66828329330515
31.156457695233435,68.84354230476568
14.91343734520525,85.0865626547944
63.2019410018214,36.798058998178
8.954734475704036,91.04526552429505
1.37105684444821,98.62894315555167
6.344899984346673,93.65510001565234
4.210366377825213,95.78963362217391
0.3407907227836009,99.6592092772163
2.8725470424319095,97.12745295756713
19.060824357968755,80.93917564203026
15.632595302479723,84.36740469751962
4.9876002657298155,95.01239973426956
13.001214234834224,86.99878576516534
7.177141473228585,92.82285852677073
18.029519136494336,81.97048086350509
1.99794483257772,98.0020551674219
1.3370802699499222,98.66291973004954
3.276763185056517,96.72323681494288
13.053001820794902,86.94699817920505
15.377934332704118,84.6220656672955
10.888067923050873,89.11193207694872
6.132218595878877,93.86778140411997
17.111078792622827,82.88892120737675
83.5928094804062,16.407190519593488
14.552410289390544,85.44758971060796
83.09504956139628,16.904950438603546
87.21692699209899,12.783073007900859
23.53919340131483,76.46080659868441
3.4292192167924993,96.57078078320723
1.210703439527941,98.7892965604715
10.53753169495728,89.46246830504232
3.0441304389195922,96.9558695610796
26.232142713856376,73.76785728614274
52.25389532968201,47.74610467031739
45.89279594233286,54.10720405766678
1.6840453836946787,98.31595461630515
25.592803590656594,74.40719640934212
6.705483124272932,93.29451687572659
0.0908561369973124,99.90914386300261
0.8131058818016225,99.1868941181978
18.226776215718758,81.77322378428092
3.051690355297965,96.94830964470175
9.364175551698521,90.63582444830111
6.9844193128328635,93.01558068716669
35.63527269024196,64.36472730975744
38.64469727705554,61.355302722944046
54.739994334469166,45.26000566553053
13.825106164724033,86.17489383527536
0.5694404597469832,99.43055954025279
21.301569457279832,78.69843054271954
5.48821818898052,94.51178181101825
9.436214857969262,90.56378514203048
29.84395945539856,70.15604054460105
1.2808824662120137,98.71911753378762
23.234728782916356,76.76527121708307
14.420959854988954,85.5790401450107
11.354314435817123,88.6456855641823
4.211884838947612,95.78811516105166
1.6875310240479453,98.31246897595183
6.606701413025216,93.39329858697452
84.3919838724735,15.608016127526305
3.5149923114548884,96.48500768854336
20.929039279967625,79.07096072003192
5.030480155949369,94.96951984405007
4.012415508123371,95.98758449187626
44.956884387971904,55.04311561202784
3.6411752093916663,96.35882479060815
1.1401498501286185,98.85985014987118
1.553492185270997,98.44650781472798
19.98172610237205,80.0182738976275
8.14756059047282,91.85243940952662
10.518392744324192,89.48160725567568
75.72931195471676,24.270688045283052
18.038394971031945,81.96160502896751
2.123013699424205,97.87698630057548
53.057322158528955,46.942677841470584
2.004929068661534,97.99507093133786
54.35939633752239,45.64060366247738
3.3715206735633774,96.62847932643609
11.970831540594954,88.02916845940449
1.0530275545235037,98.94697244547605
1.4915586046259732,98.5084413953737
9.668239212041629,90.3317607879578
1.063216236880197,98.93678376311942
6.333519015625863,93.66648098437227
5.261421635989889,94.73857836400992
20.058687994199644,79.94131200579868
28.605338486426092,71.39466151357325
4.804047993863394,95.19595200613628
13.473368724858737,86.5266312751402
15.255690019204105,84.74430998079528
6.805042328348572,93.19495767165128
11.209191648293539,88.79080835170514
21.350604656707567,78.64939534329194
94.97464848328404,5.025351516715918
46.0463825863209,53.95361741367854
9.726373558137231,90.27362644186242
11.284479586260812,88.71552041373883
6.709464372704313,93.29053562729509
49.32195978797688,50.67804021202292
9.622264882717758,90.37773511728177
4.934761054986249,95.06523894501319
41.812702650428776,58.18729734957094
1.6231738990994005,98.37682610089992
4.9393309025244125,95.06066909747518
2.301752095823704,97.69824790417572
6.661324435769096,93.33867556423043
23.097155932310862,76.9028440676887
7.608711869315199,92.39128813068434
10.105391858699901,89.8946081412997
1.2005416245482583,98.7994583754512
9.698570229046076,90.3014297709526
7.6549654884759635,92.34503451152388
78.47967400002037,21.520325999979438
25.45866300762263,74.54133699237673
7.956950684512025,92.04304931548751
18.58921793198485,81.41078206801478
1.4208747238554849,98.57912527614413
5.111368689163349,94.88863131083627
5.4037221729347635,94.59627782706416
5.188760151182924,94.81123984881648
10.340263940633944,89.65973605936553
5.8190275369974165,94.18097246300205
18.40985377345124,81.59014622654855
2.0008505720590097,97.99914942794074
4.9859834490794235,95.01401655091973
26.64856052122345,73.3514394787762
60.139601311431335,39.860398688568395
5.6411647403783665,94.35883525962107
26.2409366811935,73.75906331880574
12.650410372580204,87.34958962741953
57.64366805982601,42.35633194017351
14.700626747932926,85.2993732520663
2.950347228638391,97.04965277136122
99.08973600160174,0.9102639983982395
16.837153333362256,83.16284666663691
2.9414748929780545,97.05852510702138
10.785883869022637,89.21411613097709
5.4761961615859205,94.52380383841357
12.287604029681711,87.71239597031783
6.591519587875895,93.40848041212344
16.89442031005383,83.10557968994586
15.683134883168067,84.31686511683154
14.885102064640723,85.11489793535856
1.8683142171958402,98.13168578280379
3.0068416281112973,96.99315837188823
20.333055627462645,79.66694437253679
9.88966448546579,90.11033551453383
16.20178211676223,83.79821788323744
9.616212957151955,90.38378704284776
81.20187559708883,18.798124402911114
6.758565999680245,93.24143400031913
4.513239923451049,95.48676007654791
31.255230388903136,68.74476961109612
29.163898869323212,70.83610113067647
17.41947212335549,82.58052787664386
95.45882718873924,4.541172811260742
1.2489642341440688,98.75103576585526
60.9562875313507,39.0437124686491
6.662731596240258,93.33726840375958
91.57954954252307,8.420450457476852
3.7455517950617163,96.25444820493792
1.642796875236484,98.35720312476312
86.51000468792307,13.489995312076855
24.308784009712767,75.69121599028703
13.284373850300534,86.71562614969893
26.605830428201156,73.39416957179814
17.252532952381987,82.74746704761672
7.65505791122685,92.34494208877238
11.061373249249042,88.93862675075005
35.51048650240708,64.48951349759264
12.88122288928184,87.11877711071784
8.570684617057463,91.42931538294191
1.217516894747075,98.78248310525278
3.2436096132004497,96.75639038679886
14.021365313366493,85.97863468663277
8.2955255949381,91.70447440506173
88.73814603993587,11.261853960064052
8.545529936247439,91.45447006375223
13.311525728143096,86.68847427185648
50.94290791313608,49.05709208686361
1.6240177334356196,98.37598226656414
42.32566537918455,57.674334620815074
0.670302445950654,99.32969755404885
7.942356931309713,92.05764306868888
88.45390171347043,11.546098286529503
23.02555257070654,76.97444742929282
51.65145884295581,48.348541157044004
85.71344171706313,14.286558282936765
6.811461283791824,93.18853871620789
38.38840393859322,61.611596061406225
3.0041096249386126,96.99589037506115
